c91cef1a586d6e1573735821394,22045,unknown,2000,0,0,0,unknown,2000,0,0,0,4.4.0,2898,None,1573735821394,0,0,0
28635915c55d81573743828692,22045,unknown,2000,0,0,0,unknown,2000,0,0,0,4.4.0,7230,None,1573743828692,0,0,0
c91cef1a586d6e1573735821394,22045,4.4.0,2898,None,1573735821394,0,0,0
28635915c55d81573743828692,22045,4.4.0,7230,None,1573743828692,0,0,0
c91cef1a586d6e1573735821394,22045,4.4.0,2898,None,1573735821394,0,0,0
28635915c55d81573743828692,22045,4.4.0,7230,None,1573743828692,0,0,0
c91cef1a586d6e1573735821394,22045,4.4.0,2898,None,1573735821394,0,0,0
28635915c55d81573743828692,22045,4.4.0,7230,None,1573743828692,0,0,0
c91cef1a586d6e1573735821394,22045,4.4.0,2898,None,1573735821394,0,0,0
28635915c55d81573743828692,22045,4.4.0,7230,None,1573743828692,0,0,0
c91cef1a586d6e1573735821394,22045,4.4.0,2898,None,1573735821394,0,0,0
28635915c55d81573743828692,22045,4.4.0,7230,ERROR,1573743828692,0,0,0
c91cef1a586d6e1573735821394,22045,4.4.0,2898,None,1573735821394,0,0,0
28635915c55d81573743828692,22045,4.4.0,7230,ERROR,1573743828692,0,0,0
c91cef1a586d6e1573735821394,22045,4.4.0,2898,None,1573735821394,0,0,0
28635915c55d81573743828692,22045,4.4.0,7230,1093.0,1573743828692,0,0,0
