e5e2d26fe8f6481573735823783,32951,388567,unknown,2500,0,0,0,unknown,2500,0,0,0,4.4.0,3037,None,1573735823783,0,0,0
b9f42d5bb9a9a1573743831066,29012,337697,unknown,2000,0,0,0,unknown,2000,0,0,0,4.4.0,7460,None,1573743831066,0,0,0
e5e2d26fe8f6481573735823783,32951,388567,4.4.0,3037,None,1573735823783,0,0,0
b9f42d5bb9a9a1573743831066,29012,337697,4.4.0,7460,None,1573743831066,0,0,0
e5e2d26fe8f6481573735823783,32951,388567,4.4.0,3037,None,1573735823783,0,0,0
b9f42d5bb9a9a1573743831066,29012,337697,4.4.0,7460,None,1573743831066,0,0,0
e5e2d26fe8f6481573735823783,32951,388567,4.4.0,3037,None,1573735823783,0,0,0
b9f42d5bb9a9a1573743831066,29012,337697,4.4.0,7460,None,1573743831066,0,0,0
e5e2d26fe8f6481573735823783,32951,388567,4.4.0,3037,None,1573735823783,0,0,0
b9f42d5bb9a9a1573743831066,29012,337697,4.4.0,7460,None,1573743831066,0,0,0
e5e2d26fe8f6481573735823783,32951,388567,4.4.0,3037,None,1573735823783,0,0,0
b9f42d5bb9a9a1573743831066,29012,337697,4.4.0,7460,ERROR,1573743831066,0,0,0
e5e2d26fe8f6481573735823783,32951,388567,4.4.0,3037,None,1573735823783,0,0,0
b9f42d5bb9a9a1573743831066,29012,337697,4.4.0,7460,ERROR,1573743831066,0,0,0
e5e2d26fe8f6481573735823783,32951,388567,4.4.0,3037,None,1573735823783,0,0,0
b9f42d5bb9a9a1573743831066,29012,337697,4.4.0,7460,2073.0,1573743831066,0,0,0
